시설물명,p_wide,p_barrier_yes,parked_density,sidewalk_ratio,road_width_relative,도로안전표지,도로적색표면,무단횡단방지펜스,무인교통단속카메라,보호구역표지판,생활안전CCTV,신호등,옐로카펫,횡단보도,어린이 비율(%),발생건수,accident_label,risk_probability,safety_score
갈보리어린이집,0.78629625,0.8904278,0.0,0.0,0.36064744,0,10,4,1,5,9,0,0,0,12.535826212734042,0,0,0.0049516415974482355,99.50483584025518
건영장안유치원,0.1842424,0.12299645,2.0,0.0,0.38415602,6,18,30,1,30,15,9,0,6,10.74766355140187,0,0,0.03336818724440803,96.6631812755592
검단초등학교,0.09956941,0.036631048,3.0,0.0,0.41032642,4,15,8,1,11,20,5,1,4,8.504758980657048,0,0,0.004803000941518916,99.51969990584811
구미동어린이집,0.9345906,0.9225535,0.0,0.2335119760615656,0.38874602,3,2,7,1,9,12,4,2,3,9.478103017926026,0,0,0.010097496298530038,98.990250370147
구미초등학교,0.9276426,0.9202343,0.0,0.240462831130912,0.38085842,6,17,27,1,30,5,17,1,6,9.478103017926026,0,0,0.014457830725108945,98.55421692748911
금광2동제2어린이집,0.012554854,0.027832538,0.0,0.0,0.29947758,2,16,14,0,19,33,4,1,2,10.261116015425358,0,0,0.032458631544300835,96.75413684556992
금빛초등학교,0.2656963,0.08267254,0.0,0.0570728166818501,0.38173008,5,17,22,2,22,64,3,1,5,4.915291795088737,3,1,0.5092050088031936,49.079499119680634
금상초등학교,0.7747913,0.7655672,0.0,0.211269762177006,0.3978011,5,10,8,8,15,41,12,2,3,10.261116015425358,0,0,0.1818563584687614,81.81436415312386
꾸러기유치원,0.29507905,0.14788705,4.0,0.0,0.35039324,3,4,19,1,10,9,4,0,3,12.535826212734042,0,0,0.014081248363977178,98.59187516360228
낙생초등학교,0.9003775,0.9568949,0.0,0.2949231617538492,0.36399183,7,14,23,2,15,19,13,1,7,17.447373411720083,0,0,0.004140813739523384,99.58591862604766
내정초등학교,0.9762284,0.9357177,0.0,0.0,0.46970743,1,2,4,4,6,13,10,1,1,14.841620226291283,0,0,0.01031214126152915,98.96878587384708
늘사랑어린이집,0.33084035,0.20472655,2.0,0.0,0.0,4,3,11,1,9,9,4,0,4,9.797809460541332,0,0,0.05959180120490712,94.04081987950929
늘푸른초등학교,0.91146886,0.8554052,0.0,0.223351957663398,0.4587278,5,9,16,1,10,6,4,2,5,10.59118249896178,0,0,0.0011600601637545653,99.88399398362453
다솜어린이집,0.8122128,0.21102506,0.0,0.0,0.39601216,2,0,0,0,3,13,2,0,2,6.4828798154809295,0,0,0.018269847124727505,98.17301528752725
다솜유치원,0.3050911,0.1097514,2.0,0.0,0.4214756,3,15,11,1,19,35,4,1,3,10.261116015425358,0,0,0.09048719168656394,90.95128083134361
단남초등학교,0.9644876,0.9015237,0.0,0.2257974644842032,0.37652028,5,17,30,10,21,38,15,1,6,10.261116015425358,0,0,0.19843470137645314,80.15652986235469
단대어린이집,0.7407368,0.60391754,0.0,0.2895791926403329,0.40949696,5,16,19,0,23,37,8,1,8,7.964976698206468,0,0,0.08636308666904094,91.36369133309591
단대초등학교,0.17977932,0.4308188,0.0,0.0,0.28794295,2,15,22,3,13,23,5,1,5,7.964976698206468,0,0,0.006259662022698352,99.37403379773016
당촌초등학교,0.38491774,0.31918192,0.0,0.0,0.40496612,5,2,13,1,5,8,4,1,5,10.74766355140187,0,0,0.0011925354049925117,99.88074645950074
대원초등학교,0.12304282,0.17372438,0.0,0.260729890413936,0.44514334,1,4,23,1,8,5,2,1,2,6.4828798154809295,0,0,0.0006443182288397314,99.93556817711602
대일초등학교,0.1307714,0.116161525,1.0,0.0,0.39697415,1,6,15,1,15,37,1,1,1,6.4828798154809295,0,0,0.1159966465803046,88.40033534196954
대하초등학교,0.9787874,0.86955065,2.0,0.278807539948308,0.3942126,2,8,12,1,17,14,2,1,2,8.504758980657048,0,0,0.08122024744873814,91.87797525512619
도촌유치원,0.99712646,0.9415245,1.0,0.252751853602215,0.39627814,5,6,20,1,7,13,5,0,5,11.894273127753303,0,0,0.006513388269863183,99.34866117301368
도촌초등학교,0.032152504,0.38939512,0.0,0.1558006435666989,0.3121541,5,9,26,1,10,6,5,1,5,11.894273127753303,0,0,0.0003802863328816257,99.96197136671184
돌마초등학교,0.95081395,0.82198465,0.0,0.3213110849069795,0.49469435,4,7,10,2,8,14,5,1,5,9.797809460541332,0,0,0.004069178323819093,99.59308216761809
리플플러스어린이집,0.063631505,0.013496846,1.0,0.0,0.37334436,13,3,2,7,4,33,9,0,9,4.915291795088737,0,0,0.02294060332090551,97.70593966790945
미금초등학교,0.9749359,0.92173415,0.0,0.25741288209975,0.47187972,3,9,16,1,15,8,10,2,5,9.478103017926026,0,0,0.0032617039206746827,99.67382960793253
미래유치원,0.38155922,0.2708698,0.0,0.21170892212583,0.39063835,2,14,14,4,20,18,6,2,2,6.966749604161953,0,0,0.018201628544898422,98.17983714551016
배성유치원,0.37325287,0.6127565,0.0,0.229659997846536,0.33800584,3,6,17,1,17,8,2,2,2,9.797809460541332,0,0,0.006625523101705438,99.33744768982946
백현초등학교,0.989079,0.93788016,0.0,0.3217888529589236,0.4826703,3,11,21,1,13,18,8,1,3,10.59118249896178,0,0,0.005893475238048124,99.41065247619518
보듬이나눔이어린이집,0.9251904,0.92796946,0.0,0.2832356174701885,0.4189101,0,2,9,0,11,3,4,0,2,9.797809460541332,0,0,0.011285913890083736,98.87140861099162
보평초등학교,0.9008262,0.9568554,0.0,0.325572188685869,0.47189045,5,15,16,2,8,17,7,1,4,14.343237400924004,0,0,0.0011443254231763929,99.88556745768236
복정2어린이집,0.40970623,0.25510228,1.0,0.0,0.4458895,1,14,22,2,14,16,1,1,1,5.778245479766574,0,0,0.0074965433200103486,99.25034566799896
복정어린이집,0.019514322,0.18785593,0.0,0.0,0.38997704,0,12,18,1,9,8,1,1,0,5.778245479766574,0,0,0.0007741471098862668,99.92258528901138
복정초등학교,0.060579658,0.22739923,1.0,0.0,0.42212012,0,12,18,1,11,11,1,1,0,5.778245479766574,0,0,0.0018707282799221743,99.81292717200778
분당어린이집,0.9266169,0.89957464,0.0,0.2917088271942888,0.38440418,5,6,0,0,5,24,11,0,5,10.74766355140187,0,0,0.011345389861730889,98.86546101382692
분당중앙유치원,0.99582565,0.95115435,0.0,0.198122436058392,0.36275086,4,15,29,3,34,21,2,2,4,11.867200868077292,0,0,0.323704756056512,67.62952439434879
분당초등학교,0.9439319,0.41846967,5.0,0.0,0.0,2,3,12,2,11,4,5,1,3,11.867200868077292,3,1,0.2929908727353186,70.70091272646815
불곡초등학교,0.99179125,0.93507916,0.0,0.409800754681076,0.47441828,4,8,7,1,9,4,1,1,4,9.478103017926026,0,0,0.0023562166069789063,99.76437833930211
불정초등학교,0.9829593,0.90074426,0.0,0.2545338290088479,0.41289324,6,2,10,2,8,13,2,1,4,10.59118249896178,0,0,0.011992193056727418,98.80078069432726
뽀뽀뽀유치원,0.56510025,0.29982644,0.0,0.2260031351560192,0.42555237,6,14,39,2,12,9,4,1,6,9.797809460541332,0,0,0.0005793978608572699,99.94206021391427
산성3어린이집,0.8538548,0.42823485,0.0,0.0,0.46716678,4,0,0,0,0,14,4,0,4,6.966749604161953,0,0,0.005617914510332776,99.43820854896673
산성어린이집,0.14388505,0.24243656,3.0,0.0,0.45205116,2,15,14,4,20,19,7,2,2,6.966749604161953,0,0,0.020666327777080194,97.93336722229198
산운초등학교,0.74091697,0.95616806,0.0,0.28481947753339,0.44845197,5,23,18,5,19,23,7,1,4,16.51335389118277,0,0,0.007082899879581912,99.29171001204182
삼평어린이집,0.5923061,0.69403756,0.0,0.1806803072641924,0.3633142,4,8,34,3,13,9,4,1,6,14.343237400924004,0,0,0.0023575791402037608,99.76424208597963
상대원초등학교,0.20583484,0.33007234,1.0,0.0,0.42129442,2,8,30,1,21,5,3,1,2,6.4828798154809295,0,0,0.007471757421843985,99.2528242578156
상원초등학교,0.2390905,0.41150194,0.0,0.0,0.4521258,4,15,27,4,13,28,5,2,4,6.042884990253411,0,0,0.0033397167408694907,99.66602832591305
상탑초등학교,0.99454474,0.9093114,0.0,0.0,0.45349944,5,6,22,1,27,9,5,2,4,9.797809460541332,0,0,0.06964390703948771,93.03560929605122
샛별유치원,0.9838,0.7901973,0.0,0.174933839032965,0.4986974,2,4,6,1,4,7,4,1,2,10.74766355140187,0,0,0.0021949128883795898,99.78050871116204
서광어린이집,0.9047284,0.8830446,0.0,0.3240590911028034,0.4679925,2,2,11,0,16,4,6,0,4,9.797809460541332,0,0,0.016392471147850154,98.36075288521499
서당초등학교,0.69857645,0.59141445,0.0,0.2254009020283098,0.0,4,7,35,2,16,13,4,1,4,11.867200868077292,0,0,0.05560897305343932,94.43910269465606
서울국제학교,0.25118303,0.116102904,1.0,0.0,0.3734712,1,4,6,1,8,16,1,0,1,5.778245479766574,0,0,0.019012481302920804,98.09875186970793
서현어린이집,0.98792815,0.91101396,0.0,0.231746169708402,0.44095105,1,7,8,2,12,12,3,1,1,11.867200868077292,0,0,0.01705126429587343,98.29487357041266
서현초등학교,0.5481838,0.30093825,3.0,0.0,0.40504596,4,8,10,1,13,11,2,1,5,11.867200868077292,0,0,0.01624795693873661,98.37520430612634
선경유치원,0.20263761,0.06048888,1.0,0.0,0.3322472,1,17,27,3,22,25,6,2,1,6.042884990253411,0,0,0.03356365942436204,96.6436340575638
성남동초등학교,0.08361152,0.062282324,2.0,0.0,0.0,1,16,15,0,18,25,4,1,1,10.261116015425358,0,0,0.11955632698592229,88.04436730140776
성남매송초등학교,0.1757659,0.31702277,0.0,0.0,0.4251048,2,3,18,1,7,10,2,1,2,12.535826212734042,0,0,0.0012144759847535183,99.87855240152464
성남북초등학교,0.5309843,0.862272,0.0,0.0,0.41552716,4,22,22,6,28,23,10,3,5,6.966749604161953,0,0,0.02520994119266014,97.47900588073398
성남생명숲어린이집,0.55308306,0.15754968,3.0,0.0,0.47550032,1,8,6,0,9,25,1,0,1,10.59118249896178,0,0,0.047713679485445123,95.22863205145549
성남서초등학교,0.65698427,0.61983776,0.0,0.2465784087663328,0.43095735,7,6,14,2,10,16,7,1,6,4.915291795088737,0,0,0.005183125611917036,99.4816874388083
성남송현초등학교,0.7186433,0.93734926,0.0,0.166043499817932,0.4808179,4,9,38,3,14,8,4,1,6,14.343237400924004,0,0,0.0013336437007549478,99.8666356299245
성남수정초등학교,0.4271981,0.82671666,1.0,0.2183011749178035,0.27562046,5,5,31,0,8,33,6,1,5,4.564100521725278,0,0,0.014906493382780477,98.50935066172195
성남신기초등학교,0.04158023,0.033008575,0.0,0.0,0.0,7,7,12,2,11,13,5,1,6,10.59118249896178,0,0,0.013362441628453287,98.66375583715468
성남양지초등학교,0.009993672,0.03202471,0.0,0.0,0.0,6,10,5,1,10,26,5,1,5,6.1078112742351225,0,0,0.03508578671709672,96.49142132829033
성남어린이집,0.43321294,0.3302567,0.0,0.0,0.42211992,8,19,27,4,30,67,5,3,6,4.915291795088737,3,1,0.6822364844476483,31.776351555235173
성남여수초등학교,0.2438027,0.20164773,3.0,0.0,0.43479198,4,16,36,3,26,11,5,1,4,11.894273127753303,0,0,0.016272706529246114,98.37272934707539
성남은행초등학교,0.30465794,0.37877887,2.0,0.1839698314629286,0.47128093,3,10,2,1,23,11,1,1,3,6.042884990253411,0,0,0.04722826021107597,95.2771739788924
성남장안초등학교,0.06789851,0.4178446,0.0,0.0,0.2841161,4,10,20,1,22,15,1,1,4,10.74766355140187,0,0,0.020303416793784734,97.96965832062152
성남정자초등학교,0.94132876,0.7911638,0.0,0.237616898841296,0.41141486,2,6,6,2,4,2,2,1,2,10.59118249896178,0,0,0.0018937431999639343,99.81062568000361
성남제일초등학교,0.8163029,0.83259284,0.0,0.1493639671905612,0.43964076,4,30,34,5,70,16,12,0,4,11.492312330419054,0,0,0.9777565702712383,2.22434297287617
성남중앙초등학교,0.1751858,0.050835103,2.0,0.0,0.28582168,6,16,13,5,13,16,5,1,6,5.129574367834145,0,0,0.010353151801336781,98.96468481986632
성남초등학교,0.12234968,0.1552693,3.0,0.0,0.4045322,7,12,30,3,16,40,5,2,5,4.915291795088737,0,0,0.04405461727662947,95.59453827233705
성남혜은학교,0.11991006,0.08628425,1.0,0.0,0.304147,5,21,18,5,24,26,7,3,6,7.964976698206468,0,0,0.022294250810650153,97.77057491893498
성남화랑초등학교,0.9796159,0.93746924,0.0,0.36663906287991,0.47832203,5,6,20,2,8,6,8,1,4,12.232102143182855,0,0,0.0012343017077225242,99.87656982922775
성마르코유치원,0.27112055,0.32435754,1.0,0.1989497213326809,0.32539874,4,8,6,0,17,23,8,0,6,9.797809460541332,0,0,0.04421520422531749,95.57847957746826
성수초등학교,0.16070604,0.13041168,2.0,0.0,0.30538607,3,5,8,5,3,29,3,1,3,4.564100521725278,0,0,0.02842000674774444,97.15799932522555
성은특수학교,0.8901919,0.8363108,0.0,0.2483197978316,0.3813871,4,6,13,0,14,10,4,0,4,9.797809460541332,0,0,0.01806442677066994,98.193557322933
성체유치원,0.35524505,0.2945025,0.0,0.0,0.0,3,3,12,2,13,36,3,0,2,4.564100521725278,3,1,0.6256665589873902,37.43334410126098
성현어린이집,0.05173397,0.033171892,2.0,0.0,0.3360579,4,3,7,2,12,33,3,0,3,4.564100521725278,0,0,0.16977532593835126,83.02246740616488
세화유치원,0.3808244,0.20425653,1.0,0.0,0.0,5,6,37,1,22,11,3,1,5,11.867200868077292,0,0,0.11015443946601344,88.98455605339865
수내동어린이집,0.4390271,0.51074547,0.0,0.3156591153604572,0.41343677,4,1,3,2,4,15,3,0,4,14.841620226291283,0,0,0.004077950420103266,99.59220495798967
수내초등학교,0.9975542,0.9294025,0.0,0.280048857175776,0.5347605,3,6,11,1,7,14,9,2,3,14.841620226291283,0,0,0.0014273534156113035,99.85726465843887
수진초등학교,0.086028844,0.23287302,2.0,0.0,0.39732486,6,18,26,1,38,40,8,4,5,4.915291795088737,0,0,0.28276673558195087,71.72332644180491
숲리라유치원,0.83339345,0.6105318,0.0,0.0,0.39254397,0,17,28,2,29,14,7,2,0,17.447373411720083,0,0,0.04631768681683282,95.36823131831672
신백현초등학교,0.76931393,0.8816756,0.0,0.23671822428702,0.19808236,5,8,35,0,16,22,6,2,6,12.232102143182855,0,0,0.016453865937670984,98.3546134062329
신흥성모유치원,0.020736039,0.046471387,1.0,0.0,0.26241893,11,14,26,4,28,51,7,1,9,9.309856304391824,3,1,0.5016079961215701,49.839200387842986
신흥제2어린이집,0.14384815,0.14761901,0.0,0.0,0.31277367,10,11,27,6,22,38,9,1,8,9.309856304391824,0,0,0.1129156938342654,88.70843061657347
신흥제3어린이집,0.48500514,0.13495597,1.0,0.0,0.0,5,13,23,4,12,30,6,0,5,9.309856304391824,0,0,0.18252082238944473,81.74791776105552
아름다운유치원,0.8261675,0.75066227,2.0,0.0,0.44311714,3,6,10,1,6,14,9,2,3,14.841620226291283,0,0,0.0032035038323774715,99.67964961676226
안말초등학교,0.3816892,0.16165358,1.0,0.0,0.0,7,6,24,2,15,15,11,1,7,12.535826212734042,0,0,0.0442376861467003,95.57623138532996
야탑초등학교,0.98212826,0.9321525,0.0,0.3002523810115999,0.4326257,6,3,21,6,15,11,7,1,6,9.797809460541332,0,0,0.026038005856083245,97.39619941439167
양영초등학교,0.01119861,0.026031673,2.0,0.0,0.0,3,13,29,1,28,19,1,1,3,11.867200868077292,0,0,0.29305745845424375,70.69425415457562
예림어린이집,0.9288912,0.644182,0.0,0.0,0.47659016,1,22,23,2,16,27,6,0,4,7.964976698206468,0,0,0.018127740319727352,98.18722596802726
예원유치원,0.050219953,0.12372735,1.0,0.0,0.0,5,12,12,2,14,17,5,1,5,5.129574367834145,0,0,0.036497200086946555,96.35027999130534
오리초등학교,0.97308314,0.74574506,0.0,0.0,0.4843532,4,9,7,1,12,9,11,2,4,9.478103017926026,0,0,0.0033035354460287593,99.66964645539711
왕남초등학교,0.8572434,0.88985705,0.0,0.26441619567384,0.4643246,2,12,28,4,19,19,8,1,0,13.088073238959058,0,0,0.02142224429158449,97.85777557084155
운중초등학교,0.31046176,0.52647513,0.0,0.2346632299911375,0.3889377,7,30,34,2,16,23,4,1,7,16.51335389118277,0,0,0.0003307558747261989,99.96692441252738
운중하나어린이집,0.86187863,0.87387025,0.0,0.21608218271304,0.35356188,4,0,3,0,1,14,1,0,6,16.51335389118277,0,0,0.0052864437373576715,99.47135562626424
위례고운초등학교,0.9855492,0.8341741,0.0,0.24953571029449,0.44807085,0,12,16,3,23,7,7,1,0,15.008906384008093,0,0,0.03338354849788724,96.66164515021127
위례새초롱유치원,0.83339345,0.6105318,0.0,0.0,0.39254397,0,17,28,2,29,14,7,2,0,15.008906384008093,0,0,0.05121794506322042,94.87820549367795
위례중앙초등학교,0.9913804,0.91841435,0.0,0.145007404028576,0.44060695,0,8,16,1,11,9,3,1,0,15.008906384008093,0,0,0.006297152455609508,99.37028475443906
위례푸른초등학교,0.91638047,0.8557311,0.0,0.2011574881976832,0.3836952,0,11,22,3,25,8,6,1,0,15.008906384008093,3,1,0.06076234604554446,93.92376539544556
위례하늘유치원,0.655385,0.8163206,0.0,0.273937444266227,0.3813999,0,7,12,1,11,10,5,0,0,15.008906384008093,0,0,0.00715633123098032,99.28436687690197
위례한빛초등학교,0.9564447,0.92342305,0.0,0.23772933695376,0.46181312,0,6,17,2,13,7,4,1,0,15.008906384008093,0,0,0.008040379700611661,99.19596202993884
은서유치원,0.04201415,0.044731587,0.0,0.0,0.34907869,5,9,13,3,29,36,7,2,5,4.915291795088737,3,1,0.3449348739485779,65.5065126051422
은솔유치원,0.90529144,0.50662965,1.0,0.210243079339509,0.44749904,0,12,2,4,6,14,6,0,0,15.008906384008093,0,0,0.009741601026119241,99.02583989738808
은혜유치원,0.6146027,0.5072231,3.0,0.0,0.41749826,5,13,11,3,11,15,0,0,6,10.59118249896178,0,0,0.018025648536965304,98.19743514630346
이매초등학교,0.09221849,0.06287497,0.0,0.0,0.0,3,2,11,3,5,15,4,1,3,12.535826212734042,0,0,0.01687062866887074,98.31293713311292
이솔유치원,0.66944146,0.6279649,0.0,0.0,0.39841592,5,8,12,2,14,9,5,1,5,9.35106661187283,0,0,0.00789793129735472,99.21020687026453
중부초등학교,0.28651914,0.3762618,0.0,0.0,0.45062232,2,19,25,2,26,27,4,1,2,6.042884990253411,0,0,0.040999237684519435,95.90007623154806
중앙동어린이집,0.70412403,0.37750384,0.0,0.0,0.4642008,6,7,19,2,14,35,6,0,9,11.492312330419054,0,0,0.06303571263099095,93.6964287369009
중원초등학교,0.51883817,0.7412172,0.0,0.08110221612832,0.38739592,0,5,12,0,15,18,0,1,0,6.4828798154809295,0,0,0.037091189973860586,96.29088100261394
중탑초등학교,0.065152645,0.4419459,0.0,0.0,0.27898824,7,14,45,2,12,13,7,1,7,9.797809460541332,0,0,0.0003837988071028831,99.9616201192897
즐거운유치원,0.9450259,0.9025335,0.0,0.2145692891349792,0.41538292,4,7,12,4,15,14,5,0,4,9.35106661187283,0,0,0.04865640434658189,95.13435956534181
창조유치원,0.2266731,0.28217384,1.0,0.0,0.39424032,1,4,0,0,10,30,0,0,1,10.59118249896178,0,0,0.07099943107388605,92.90005689261139
청솔초등학교,0.9793891,0.9292588,0.0,0.052151009559915,0.44545698,5,6,8,1,9,6,6,1,4,9.35106661187283,0,0,0.0038701095924005184,99.61298904075994
초림초등학교,0.37672514,0.47137552,1.0,0.0,0.0,0,2,7,1,12,13,3,1,0,14.841620226291283,0,0,0.11985183835451614,88.01481616454838
케이디엘피어학원,0.22911897,0.21099395,2.0,0.0,0.37883168,7,7,16,2,15,11,10,0,9,12.535826212734042,0,0,0.007197740298106459,99.28022597018935
탄천초등학교,0.3183567,0.429389,0.0,0.0,0.38531023,5,8,16,3,8,16,8,1,7,10.59118249896178,0,0,0.001774980669959659,99.82250193300403
태평초등학교,0.023994982,0.06073153,0.0,0.0,0.40443867,9,19,32,2,31,38,10,4,9,4.915291795088737,0,0,0.02083256056389586,97.91674394361041
판교대장초등학교,0.9875657,0.9663458,0.0,0.3239733974220959,0.4845987,0,16,33,2,34,24,11,0,0,16.51335389118277,0,0,0.2567109847725874,74.32890152274125
판교샘유치원,0.07765913,0.06644943,1.0,0.0,0.21290633,2,19,9,0,15,19,1,1,4,16.51335389118277,0,0,0.006644667390294103,99.33553326097059
판교어린이집,0.16429085,0.17729378,0.0,0.0,0.42375514,6,12,22,0,10,12,4,0,7,17.447373411720083,0,0,0.0004707596965629304,99.95292403034371
판교제2어린이집,0.9928137,0.89608586,0.0,0.2547640618989183,0.43898916,3,7,6,1,6,20,5,0,3,17.447373411720083,0,0,0.008979606446734156,99.10203935532658
판교초등학교,0.4118662,0.5440995,0.0,0.0,0.4410699,5,15,26,1,17,16,9,1,5,17.447373411720083,0,0,0.0015748876969094382,99.84251123030906
푸르니이매어린이집,0.29708984,0.28221813,0.0,0.182259732231568,0.36664134,0,8,3,1,7,7,0,0,0,12.535826212734042,0,0,0.002839710679413843,99.71602893205862
하대원어린이집,0.049912155,0.15412658,3.0,0.0,0.3537142,3,1,0,2,4,18,3,0,2,8.504758980657048,0,0,0.01854593441626542,98.14540655837347
하원초등학교,0.95012796,0.93466485,0.0,0.25796690278872,0.45022243,6,7,21,2,15,16,10,2,6,10.261116015425358,0,0,0.006927906389030662,99.30720936109694
하탑초등학교,0.022196144,0.51896495,0.0,0.0,0.0,6,6,23,2,14,13,7,1,5,9.797809460541332,0,0,0.014270396871036326,98.57296031289636
한솔초등학교,0.073461264,0.14458534,2.0,0.0,0.36739781,3,1,9,1,3,13,0,1,1,10.59118249896178,0,0,0.0032627526055208672,99.6737247394479
한양어린이집,0.039639235,0.01903218,0.0,0.0,0.40374935,2,6,12,4,5,36,2,1,2,4.564100521725278,0,0,0.01653446135466381,98.34655386453362
해나유치원,0.15227687,0.17742777,1.0,0.0,0.47309187,5,12,17,1,17,18,2,0,4,17.447373411720083,0,0,0.0063407076221383,99.36592923778616
혜성유치원,0.3055244,0.23305568,2.0,0.0,0.0,4,6,20,6,10,39,13,1,10,10.261116015425358,0,0,0.27368153275653423,72.63184672434657
휴맥스어린이집,0.8611337,0.76759803,0.0,0.2226808484529882,0.38601613,0,3,0,0,2,5,0,0,0,9.35106661187283,0,0,0.004650513446274615,99.53494865537253
희망대초등학교,0.5001766,0.30558196,0.0,0.2191312193845355,0.3141477,0,10,14,5,14,20,10,1,0,9.309856304391824,0,0,0.03259384618345911,96.7406153816541
희영유치원,0.9506408,0.8562432,0.0,0.2290043616315,0.36192536,7,10,35,2,16,21,8,3,7,12.232102143182855,0,0,0.0056239427005105765,99.43760572994894
